"Timestamp","File ID","Certificate Version","Certificate Serial","Certificate Issuer","Certificate Not Valid Before","Certificate Not Valid After","Key Algorithm","Signature Algorithm","Key Type","Key Length","Certificate Exponent","Certificate Curve","DNS Entries in SAN","URIs in SAN","Emails in SAN","IP Entries in SAN"
"2021-09-10 23:15:15 Z","FdhqUkxZ9fKo46MO","3","1200168B7880EA48BB9BC58520000000168B78","CN=Microsoft RSA TLS CA 01,O=Microsoft Corporation,C=US","1629222258.00","1660758258.00","rsaEncryption","sha256WithRSAEncryption","rsa","2048","65537","null","*.wns.windows.com","null","null","null"
"2021-09-10 23:16:38 Z","FFHZR14GIUFROSO...","3","12000F58BF77D195C443401C400000000F58BF","CN=Microsoft RSA TLS CA 01,O=Microsoft Corporation,C=US","1620970233.00","1652506233.00","rsaEncryption","sha256WithRSAEncryption","rsa","2048","65537","null","...icrosoft.com,fs-edog.microsoft.com,*.officesdx.microsoft.comofficesdx.microsoft.com,officecdn.microsoft.com,i.officecdn.microsoft.com,fs.microsoft.com,fs-weekly.microsoft.com,fs-edog.microsoft.com,*.officesdx.microsoft.com","null","null","null"
"2021-09-10 23:16:39 Z","F15IL82YU4K13NJ...","3","12000F58BF77D195C443401C400000000F58BF","CN=Microsoft RSA TLS CA 01,O=Microsoft Corporation,C=US","1620970233.00","1652506233.00","rsaEncryption","sha256WithRSAEncryption","rsa","2048","65537","null","...icrosoft.com,fs-edog.microsoft.com,*.officesdx.microsoft.comofficesdx.microsoft.com,officecdn.microsoft.com,i.officecdn.microsoft.com,fs.microsoft.com,fs-weekly.microsoft.com,fs-edog.microsoft.com,*.officesdx.microsoft.com","null","null","null"
"2021-09-10 23:16:40 Z","FHEEVT1WB8M7PZB...","3","12000F58BF77D195C443401C400000000F58BF","CN=Microsoft RSA TLS CA 01,O=Microsoft Corporation,C=US","1620970233.00","1652506233.00","rsaEncryption","sha256WithRSAEncryption","rsa","2048","65537","null","...icrosoft.com,fs-edog.microsoft.com,*.officesdx.microsoft.comofficesdx.microsoft.com,officecdn.microsoft.com,i.officecdn.microsoft.com,fs.microsoft.com,fs-weekly.microsoft.com,fs-edog.microsoft.com,*.officesdx.microsoft.com","null","null","null"
"2021-09-10 23:16:57 Z","FGF6V03ABSBPOP8...","3","6B00004FFAB5D8722CA5CB170D000000004FFA","CN=Microsoft RSA TLS CA 01,O=Microsoft Corporation,C=US","1601615653.00","1633151653.00","rsaEncryption","sha256WithRSAEncryption","rsa","2048","65537","null","onenote.com,*.onenote.com,*.edog.onenote.com,cdn.onenote.net","null","null","null"
"2021-09-10 23:16:57 Z","FXKCFG37FOJGUGH...","3","6B00004FFAB5D8722CA5CB170D000000004FFA","CN=Microsoft RSA TLS CA 01,O=Microsoft Corporation,C=US","1601615653.00","1633151653.00","rsaEncryption","sha256WithRSAEncryption","rsa","2048","65537","null","onenote.com,*.onenote.com,*.edog.onenote.com,cdn.onenote.net","null","null","null"
"2021-09-10 23:16:58 Z","FINZAU2YGWTLICO...","3","7F0000EEB7AD0BD49427B0A2CA00000000EEB7","CN=Microsoft RSA TLS CA 02,O=Microsoft Corporation,C=US","1603143738.00","1634679738.00","rsaEncryption","sha256WithRSAEncryption","rsa","2048","65537","null","*.msn.com,*.services.msn.com,*.msn.cn","null","null","null"
"2021-09-10 23:17:01 Z","F15OII1CDKLGANG...","3","7F0012E261129541195FAC1A6000000012E261","CN=Microsoft RSA TLS CA 02,O=Microsoft Corporation,C=US","1625536393.00","1641433993.00","rsaEncryption","sha256WithRSAEncryption","rsa","2048","65537","null","...bmasters.live.com,www.local.live.com.au,www.maps.live.com.auwww.bing.com,dict.bing.com.cn,*.platform.bing.com,*.bing.com,bing.com,ieonline.microsoft.com,*.windowssearch.com,cn.ieonline.microsoft.com,*.origin.bing.com,*.mm.bing.net,*.api.bing.com,ecn.dev.virtualearth.net,*.cn.bing.net,*.cn.bing.com,ssl-api.bing.com,ssl-api.bing.net,*.api.bing.net,*.bingapis.com,bingsandbox.com,feedback.microsoft.com,insertmedia.bing.office.net,r.bat.bing.com,*.r.bat.bing.com,*.dict.bing.com.cn,*.dict.bing.com,*.ssl.bing.com,*.appex.bing.com,*.platform.cn.bing.com,wp.m.bing.com,*.m.bing.com,global.bing.com,windowssearch.com,search.msn.com,*.bingsandbox.com,*.api.tiles.ditu.live.com,*.ditu.live.com,*.t0.tiles.ditu.live.com,*.t1.tiles.ditu.live.com,*.t2.tiles.ditu.live.com,*.t3.tiles.ditu.live.com,*.tiles.ditu.live.com,3d.live.com,api.search.live.com,beta.search.live.com,cnweb.search.live.com,dev.live.com,ditu.live.com,farecast.live.com,image.live.com,images.live.com,local.live.com.au,localsearch.live.com,ls4d.search.live.com,mail.live.com,mapindia.live.com,local.live.com,maps.live.com,maps.live.com.au,mindia.live.com,news.live.com,origin.cnweb.search.live.com,preview.local.live.com,search.live.com,test.maps.live.com,video.live.com,videos.live.com,virtualearth.live.com,wap.live.com,webmaster.live.com,webmasters.live.com,www.local.live.com.au,www.maps.live.com.au","null","null","null"
"2021-09-10 23:17:01 Z","FJBAJD1BINIEVNR...","3","3300184C7D581C335AF28928E2000000184C7D","CN=Microsoft Azure TLS Issuing CA 05,O=Microsoft Corporation,C=US","1628402382.00","1659506382.00","rsaEncryption","sha384WithRSAEncryption","rsa","2048","65537","null","...s.com,*.perf.msedge.net,*.fp.measure.office.com,*.msedge.net*.a-msedge.net,a-msedge.net,b-msedge.net,*.b-msedge.net,c-msedge.net,*.c-msedge.net,dc-msedge.net,*.dc-msedge.net,*.lbas.msedge.net,*.test.msedge.net,*.azp.footprintdns.com,*.footprintdns.com,*.clo.footprintdns.com,*.any.footprintdns.com,*.nrb.footprintdns.com,*.perf.msedge.net,*.fp.measure.office.com,*.msedge.net","null","null","null"
"2021-09-10 23:17:01 Z","FAMVHG3PSFVSQPS...","3","3300184C7D581C335AF28928E2000000184C7D","CN=Microsoft Azure TLS Issuing CA 05,O=Microsoft Corporation,C=US","1628402382.00","1659506382.00","rsaEncryption","sha384WithRSAEncryption","rsa","2048","65537","null","...s.com,*.perf.msedge.net,*.fp.measure.office.com,*.msedge.net*.a-msedge.net,a-msedge.net,b-msedge.net,*.b-msedge.net,c-msedge.net,*.c-msedge.net,dc-msedge.net,*.dc-msedge.net,*.lbas.msedge.net,*.test.msedge.net,*.azp.footprintdns.com,*.footprintdns.com,*.clo.footprintdns.com,*.any.footprintdns.com,*.nrb.footprintdns.com,*.perf.msedge.net,*.fp.measure.office.com,*.msedge.net","null","null","null"
"2021-09-10 23:17:01 Z","FVCH1H1MDLWNQ00...","3","7F0012E261129541195FAC1A6000000012E261","CN=Microsoft RSA TLS CA 02,O=Microsoft Corporation,C=US","1625536393.00","1641433993.00","rsaEncryption","sha256WithRSAEncryption","rsa","2048","65537","null","...bmasters.live.com,www.local.live.com.au,www.maps.live.com.auwww.bing.com,dict.bing.com.cn,*.platform.bing.com,*.bing.com,bing.com,ieonline.microsoft.com,*.windowssearch.com,cn.ieonline.microsoft.com,*.origin.bing.com,*.mm.bing.net,*.api.bing.com,ecn.dev.virtualearth.net,*.cn.bing.net,*.cn.bing.com,ssl-api.bing.com,ssl-api.bing.net,*.api.bing.net,*.bingapis.com,bingsandbox.com,feedback.microsoft.com,insertmedia.bing.office.net,r.bat.bing.com,*.r.bat.bing.com,*.dict.bing.com.cn,*.dict.bing.com,*.ssl.bing.com,*.appex.bing.com,*.platform.cn.bing.com,wp.m.bing.com,*.m.bing.com,global.bing.com,windowssearch.com,search.msn.com,*.bingsandbox.com,*.api.tiles.ditu.live.com,*.ditu.live.com,*.t0.tiles.ditu.live.com,*.t1.tiles.ditu.live.com,*.t2.tiles.ditu.live.com,*.t3.tiles.ditu.live.com,*.tiles.ditu.live.com,3d.live.com,api.search.live.com,beta.search.live.com,cnweb.search.live.com,dev.live.com,ditu.live.com,farecast.live.com,image.live.com,images.live.com,local.live.com.au,localsearch.live.com,ls4d.search.live.com,mail.live.com,mapindia.live.com,local.live.com,maps.live.com,maps.live.com.au,mindia.live.com,news.live.com,origin.cnweb.search.live.com,preview.local.live.com,search.live.com,test.maps.live.com,video.live.com,videos.live.com,virtualearth.live.com,wap.live.com,webmaster.live.com,webmasters.live.com,www.local.live.com.au,www.maps.live.com.au","null","null","null"
"2021-09-10 23:17:01 Z","FO1FR44EJ5J0XL9...","3","3300184C7D581C335AF28928E2000000184C7D","CN=Microsoft Azure TLS Issuing CA 05,O=Microsoft Corporation,C=US","1628402382.00","1659506382.00","rsaEncryption","sha384WithRSAEncryption","rsa","2048","65537","null","...s.com,*.perf.msedge.net,*.fp.measure.office.com,*.msedge.net*.a-msedge.net,a-msedge.net,b-msedge.net,*.b-msedge.net,c-msedge.net,*.c-msedge.net,dc-msedge.net,*.dc-msedge.net,*.lbas.msedge.net,*.test.msedge.net,*.azp.footprintdns.com,*.footprintdns.com,*.clo.footprintdns.com,*.any.footprintdns.com,*.nrb.footprintdns.com,*.perf.msedge.net,*.fp.measure.office.com,*.msedge.net","null","null","null"
"2021-09-10 23:17:01 Z","FS904O4IWLUX0JW...","3","33001ABF65AEBDBA27F05F8E300000001ABF65","CN=Microsoft Azure TLS Issuing CA 05,O=Microsoft Corporation,C=US","1630921598.00","1662025598.00","rsaEncryption","sha384WithRSAEncryption","rsa","2048","65537","null","*.footprintdns.com,*.azr.footprintdns.com,*.clo.footprintdns.com,*.netmon.azure.com","null","null","null"
"2021-09-10 23:17:01 Z","FH2DK5R07OJRBQF...","3","3300184C7D581C335AF28928E2000000184C7D","CN=Microsoft Azure TLS Issuing CA 05,O=Microsoft Corporation,C=US","1628402382.00","1659506382.00","rsaEncryption","sha384WithRSAEncryption","rsa","2048","65537","null","...s.com,*.perf.msedge.net,*.fp.measure.office.com,*.msedge.net*.a-msedge.net,a-msedge.net,b-msedge.net,*.b-msedge.net,c-msedge.net,*.c-msedge.net,dc-msedge.net,*.dc-msedge.net,*.lbas.msedge.net,*.test.msedge.net,*.azp.footprintdns.com,*.footprintdns.com,*.clo.footprintdns.com,*.any.footprintdns.com,*.nrb.footprintdns.com,*.perf.msedge.net,*.fp.measure.office.com,*.msedge.net","null","null","null"
"2021-09-10 23:17:01 Z","F48KT81DCRBWU4O...","3","3300184C7D581C335AF28928E2000000184C7D","CN=Microsoft Azure TLS Issuing CA 05,O=Microsoft Corporation,C=US","1628402382.00","1659506382.00","rsaEncryption","sha384WithRSAEncryption","rsa","2048","65537","null","...s.com,*.perf.msedge.net,*.fp.measure.office.com,*.msedge.net*.a-msedge.net,a-msedge.net,b-msedge.net,*.b-msedge.net,c-msedge.net,*.c-msedge.net,dc-msedge.net,*.dc-msedge.net,*.lbas.msedge.net,*.test.msedge.net,*.azp.footprintdns.com,*.footprintdns.com,*.clo.footprintdns.com,*.any.footprintdns.com,*.nrb.footprintdns.com,*.perf.msedge.net,*.fp.measure.office.com,*.msedge.net","null","null","null"
"2021-09-10 23:17:01 Z","FEIK4ZVMKNRNBH6...","3","0F1A5645982C89174055C760DF0EC6CA","CN=DigiCert SHA2 Secure Server CA,O=DigiCert Inc,C=US","1605484800.00","1636588799.00","rsaEncryption","sha256WithRSAEncryption","rsa","2048","65537","null","...cloudappsecurity.com,*.videoindexer.ai,*.api.videoindexer.ai*.vo.msecnd.net,*.cmsresources.windowsphone-int.com,*.ads2.msads.net,*.aspnetcdn.com,*.cmsresources.windowsphone.com,*.microsoft-sbs-domains.com,ajax.microsoft.com,*.dev.skype.com,*.azureedge.net,*.wpc.azureedge.net,*.wac.azureedge.net,*.adn.azureedge.net,*.fms.azureedge.net,*.azurecomcdn.net,*.cdn.skype.net,*.cdn.skype.com,*.streaming.media-test.windows-int.net,*.streaming.mediaservices.windows.net,*.secure.skypeassets.com,*.secure.skypeassets.net,*.yammer.com,*.azureedge-test.net,cdnads.msads.net,cdn-resources.windowsphone.com,cdn-resources-beta.windowsphone.com,ecnads1.msn.com,iecvlist.microsoft.com,images-cms-pn.windowsphone-int.com,images-cms-tst.windowsphone-int.com,lumiahelptipscdn.microsoft.com,lumiahelptipscdnqa.microsoft.com,montage.msn.com,mscrl.microsoft.com,r20swj13mr.microsoft.com,lumiahelptipsmscdn.microsoft.com,lumiahelptipsmscdnqa.microsoft.com,*.origin.mediaservices.windows.net,download.sysinternals.com,amp.azure.net,rt.ms-studiosmedia.com,gtm.ms-studiosmedia.com,prss.centralvalidation.com,software-download.microsoft.com,datafactory.azure.com,*.aisvc.visualstudio.com,*.cdn.powerbi.com,downloads.subscriptionsint.tfsallin.net,download.my.visualstudio.com,dist.asp.net,dxtembed.powerbi.com,msitembed.powerbi.com,embed.powerbi.com,*.ec.azureedge.net,*.wpc.ec.azureedge.net,*.wac.ec.azureedge.net,*.adn.ec.azureedge.net,*.fms.ec.azureedge.net,*.cdn.powerappscdn.net,stream.microsoft.com,*.applicationinsights.io,*.applicationinsights.net,cdn.vsassets.io,cdnppe.vsassets.io,*.cortanaanalytics.com,do.skype.com,software-download.office.microsoft.com,*.gallerycdn.vsassets.io,*.gallerycdnppe.vsassets.io,download.learningdownloadcenter.microsoft.com,global.asazure.windows.net,cdn.wallet.microsoft-ppe.com,cdn.wallet.microsoft.com,www.videobreakdown.com,www.breakdown.me,*.gallerycdntest.vsassets.io,software-download.coem.microsoft.com,natick.research.microsoft.com,agavecdn.o365weve-dev.com,agavecdn.o365weve-ppe.com,agavecdn.o365weve.com,download.visualstudio.com,*.Applicationinsights.microsoft.com,*.sfbassets.com,*.sfbassets.net,*.origin.mediaservices.windows-int.net,download.mono-project.com,*.mp.microsoft.com,download.visualstudio.microsoft.com,vi.microsoft.com,*.streaming.media.azure-test.net,*.streaming.media.azure.net,cdn.botframework.com,cdn.cloudappsecurity.com,*.videoindexer.ai,*.api.videoindexer.ai","null","null","null"
"2021-09-10 23:17:01 Z","F7WBB32GN20DXUL...","3","3300032CFA0487F9CFCD277B8A000000032CFA","CN=Microsoft Azure TLS Issuing CA 06,O=Microsoft Corporation,C=US","1602278969.00","1633382969.00","rsaEncryption","sha384WithRSAEncryption","rsa","2048","65537","null","...s.com,*.perf.msedge.net,*.fp.measure.office.com,*.msedge.net*.a-msedge.net,a-msedge.net,b-msedge.net,*.b-msedge.net,c-msedge.net,*.c-msedge.net,dc-msedge.net,*.dc-msedge.net,*.lbas.msedge.net,*.test.msedge.net,*.azp.footprintdns.com,*.footprintdns.com,*.clo.footprintdns.com,*.any.footprintdns.com,*.nrb.footprintdns.com,*.perf.msedge.net,*.fp.measure.office.com,*.msedge.net","null","null","null"
"2021-09-10 23:17:01 Z","FCTIXI2ZLPE0UNX...","3","3300184C7D581C335AF28928E2000000184C7D","CN=Microsoft Azure TLS Issuing CA 05,O=Microsoft Corporation,C=US","1628402382.00","1659506382.00","rsaEncryption","sha384WithRSAEncryption","rsa","2048","65537","null","...s.com,*.perf.msedge.net,*.fp.measure.office.com,*.msedge.net*.a-msedge.net,a-msedge.net,b-msedge.net,*.b-msedge.net,c-msedge.net,*.c-msedge.net,dc-msedge.net,*.dc-msedge.net,*.lbas.msedge.net,*.test.msedge.net,*.azp.footprintdns.com,*.footprintdns.com,*.clo.footprintdns.com,*.any.footprintdns.com,*.nrb.footprintdns.com,*.perf.msedge.net,*.fp.measure.office.com,*.msedge.net","null","null","null"
"2021-09-10 23:17:02 Z","FBJTET3TIJQL5EI...","3","3300184C7D581C335AF28928E2000000184C7D","CN=Microsoft Azure TLS Issuing CA 05,O=Microsoft Corporation,C=US","1628402382.00","1659506382.00","rsaEncryption","sha384WithRSAEncryption","rsa","2048","65537","null","...s.com,*.perf.msedge.net,*.fp.measure.office.com,*.msedge.net*.a-msedge.net,a-msedge.net,b-msedge.net,*.b-msedge.net,c-msedge.net,*.c-msedge.net,dc-msedge.net,*.dc-msedge.net,*.lbas.msedge.net,*.test.msedge.net,*.azp.footprintdns.com,*.footprintdns.com,*.clo.footprintdns.com,*.any.footprintdns.com,*.nrb.footprintdns.com,*.perf.msedge.net,*.fp.measure.office.com,*.msedge.net","null","null","null"
"2021-09-10 23:17:02 Z","FACM3C1Q97UMNCH...","3","3300184C7D581C335AF28928E2000000184C7D","CN=Microsoft Azure TLS Issuing CA 05,O=Microsoft Corporation,C=US","1628402382.00","1659506382.00","rsaEncryption","sha384WithRSAEncryption","rsa","2048","65537","null","...s.com,*.perf.msedge.net,*.fp.measure.office.com,*.msedge.net*.a-msedge.net,a-msedge.net,b-msedge.net,*.b-msedge.net,c-msedge.net,*.c-msedge.net,dc-msedge.net,*.dc-msedge.net,*.lbas.msedge.net,*.test.msedge.net,*.azp.footprintdns.com,*.footprintdns.com,*.clo.footprintdns.com,*.any.footprintdns.com,*.nrb.footprintdns.com,*.perf.msedge.net,*.fp.measure.office.com,*.msedge.net","null","null","null"
"2021-09-10 23:17:02 Z","FQIFMF2A0YGLG5F...","3","33001AB812A479616E628DA0FE0000001AB812","CN=Microsoft Azure TLS Issuing CA 05,O=Microsoft Corporation,C=US","1630901911.00","1662005911.00","rsaEncryption","sha384WithRSAEncryption","rsa","2048","65537","null","*.footprintdns.com,*.azr.footprintdns.com,*.clo.footprintdns.com,*.netmon.azure.com","null","null","null"
"2021-09-10 23:17:02 Z","FGYPBY3DBMYHMGV...","3","0B9478A808DC0251D932487BE6EB29C9","CN=DigiCert SHA2 Secure Server CA,O=DigiCert Inc,C=US","1629244800.00","1660867199.00","rsaEncryption","sha256WithRSAEncryption","rsa","2048","65537","null","...login.live-int.com,xml.login.live-int.com,xml.login.live.com*.aadkds.ppe.reporting.msidentity.com,*.aadkds.prd.reporting.msidentity.com,*.accesscontrol.aadtst3.windows-int.net,*.accesscontrol.windows-ppe.net,*.accesscontrol.windows.net,*.adls.aadkds.ppe.reporting.msidentity.com,*.adls.aadkds.prd.reporting.msidentity.com,*.adti.aadkds.ppe.reporting.msidentity.com,*.adti.aadkds.prd.reporting.msidentity.com,*.authapp.net,*.authorization.azure-ppe.net,*.authorization.azure.net,*.b2clogin.com,*.cpim.windows.net,*.d2k.aadkds.ppe.reporting.msidentity.com,*.d2k.aadkds.prd.reporting.msidentity.com,*.fp.measure.office.com,*.Identity.azure-int.net,*.Identity.azure.net,*.login.live.com,*.login.microsoft.com,*.login.microsoftonline.com,*.login.windows-ppe.net,*.logincert.microsoft.com,*.logincert.windows-ppe.net,*.microsoftaik-int.azure-int.net,*.microsoftaik.azure.net,*.r.login.microsoft.com,*.r.login.microsoftonline.com,*.windows-ppe.net,aadg.windows.net,aadgv6.ppe.windows.net,aadgv6.windows.net,accesscontrol.aadtst3.windows-int.net,account.live-int.com,account.live.com,api.login.live-int.com,api.login.microsoftonline.com,api.password.ccsctp.com,api.passwordreset.microsoftonline.com,autologon.microsoftazuread-sso.com,becws.ccsctp.com,clientconfig.microsoftonline-p-int.net,clientconfig.microsoftonline-p.net,companymanager.ccsctp.com,companymanager.microsoftonline.com,cpim.windows.net,device.login.microsoftonline.com,device.login.windows-ppe.net,directoryproxy.ppe.windows.net,directoryproxy.windows.net,gatewayforking.windows.net,graph.ppe.windows.net,graph.windows.net,graphstore.windows.net,ipv6.login.live-int.com,login-us.microsoftonline.com,login.live-int.com,login.live.com,login.microsoft-ppe.com,login.microsoft.com,login.microsoftonline-int.com,login.microsoftonline-p.com,login.microsoftonline-pst.com,login.microsoftonline.com,login.passport-int.com,login.windows.net,logincert.microsoftonline-int.com,logincert.microsoftonline.com,loginnet.passport-int.com,microsoftaik-int.azure-int.net,microsoftaik.azure.net,msnia.login.live-int.com,msnialogin.passport-int.com,nexus.microsoftonline-p-int.com,nexus.microsoftonline-p.com,nexus.passport-int.com,pas.windows-ppe.net,pas.windows.net,password.ccsctp.com,passwordreset.activedirectory.windowsazure.us,passwordreset.microsoftonline.com,provisioning.microsoftonline.com,signup.live-int.com,signup.live.com,sts.windows.net,tools.login.live-int.com,xml.login.live-int.com,xml.login.live.com","null","null","null"
"2021-09-10 23:17:02 Z","FIHCD13LREJEVVE...","3","071826D6E5FADF281B8D63611529CFFF","CN=DigiCert SHA2 Secure Server CA,O=DigiCert Inc,C=US","1626825600.00","1658447999.00","rsaEncryption","sha256WithRSAEncryption","rsa","2048","65537","null","*.azureedge.us,azureedge.us","null","null","null"
"2021-09-10 23:17:04 Z","FLHAH8NMGHHQ1WL...","3","7F0000EEB7AD0BD49427B0A2CA00000000EEB7","CN=Microsoft RSA TLS CA 02,O=Microsoft Corporation,C=US","1603143738.00","1634679738.00","rsaEncryption","sha256WithRSAEncryption","rsa","2048","65537","null","*.msn.com,*.services.msn.com,*.msn.cn","null","null","null"
"2021-09-10 23:17:06 Z","FALDIO4UC7FGVBQ...","3","0A61E8A9F4779EBACC69D8D3BB0B0487","CN=DigiCert SHA2 Secure Server CA,O=DigiCert Inc,C=US","1626048000.00","1657670399.00","rsaEncryption","sha256WithRSAEncryption","rsa","2048","65537","null","*.azurefd.us,azurefd.us","null","null","null"
"2021-09-10 23:17:14 Z","FS4S6N4ALIZR7GQ...","3","33000001B6B2D2BD10A5F5DAA90000000001B6","CN=Microsoft Secure Server CA 2011,O=Microsoft Corporation,L=Redmond,ST=Washington,C=US","1623352050.00","1662836850.00","rsaEncryption","sha256WithRSAEncryption","rsa","2048","65537","null","settings-win.data.microsoft.com ","null","null","null"
"2021-09-10 23:17:14 Z","FJQXV22KFRTQOPZ...","3","33000001B6B2D2BD10A5F5DAA90000000001B6","CN=Microsoft Secure Server CA 2011,O=Microsoft Corporation,L=Redmond,ST=Washington,C=US","1623352050.00","1662836850.00","rsaEncryption","sha256WithRSAEncryption","rsa","2048","65537","null","settings-win.data.microsoft.com ","null","null","null"
"2021-09-10 23:17:15 Z","FIBCUY3AQBYJZOC...","3","33000001B6B2D2BD10A5F5DAA90000000001B6","CN=Microsoft Secure Server CA 2011,O=Microsoft Corporation,L=Redmond,ST=Washington,C=US","1623352050.00","1662836850.00","rsaEncryption","sha256WithRSAEncryption","rsa","2048","65537","null","settings-win.data.microsoft.com ","null","null","null"
"2021-09-10 23:17:21 Z","FWDTDXXXAUO3ANM...","3","6B0000567521F4B7C1DE1C28F6000000005675","CN=Microsoft RSA TLS CA 01,O=Microsoft Corporation,C=US","1601674101.00","1633210101.00","rsaEncryption","sha256WithRSAEncryption","rsa","2048","65537","null","....com,nexus2.officeapps.live.com,*.nexus2.officeapps.live.comnexus.officeapps.live.com,*.nexus.edog.officeapps.live.com,nexus.edog.officeapps.live.com,*.nexus.officeapps.live.com,nexus2.officeapps.live.com,*.nexus2.officeapps.live.com","null","null","null"
"2021-09-10 23:17:22 Z","FGYLYM3KPPF2KJC...","3","7F000064CF7380B0A5DD93A7890000000064CF","CN=Microsoft RSA TLS CA 02,O=Microsoft Corporation,C=US","1602024535.00","1633560535.00","rsaEncryption","sha256WithRSAEncryption","rsa","2048","65537","null","...og.officeapps.live.com,*.nexusrules.edog.officeapps.live.comnexusrules.officeapps.live.com,*.nexusrules.officeapps.live.com,nexusrules.edog.officeapps.live.com,*.nexusrules.edog.officeapps.live.com","null","null","null"
"2021-09-10 23:17:32 Z","FNJVDU1XA2HQK6T...","3","6E77CCEF3AE631FEED371527099944393753BF23","CN=londonareloeli.uk,OU=UK System,O=LL EST,L=London,ST=London,C=UK","1631088201.00","1662624201.00","rsaEncryption","sha256WithRSAEncryption","rsa","2048","65537","null","null","null","null","null"
"2021-09-10 23:17:32 Z","FHNCOO1MJXZ8QHR...","3","7F0016C23E332D0B802FCC05A600000016C23E","CN=Microsoft RSA TLS CA 02,O=Microsoft Corporation,C=US","1629309309.00","1660845309.00","rsaEncryption","sha256WithRSAEncryption","rsa","2048","65537","null","...tion.microsoft.com,www.skypeandteams.fasttrack.microsoft.commicrosoft.com,s.microsoft.com,ga.microsoft.com,mi.microsoft.com,aep.microsoft.com,aer.microsoft.com,grv.microsoft.com,hup.microsoft.com,mac.microsoft.com,mkb.microsoft.com,pme.microsoft.com,pmi.microsoft.com,rss.microsoft.com,sar.microsoft.com,tco.microsoft.com,fuse.microsoft.com,ieak.microsoft.com,mac2.microsoft.com,mcsp.microsoft.com,open.microsoft.com,shop.microsoft.com,spur.microsoft.com,build.microsoft.com,itpro.microsoft.com,mango.microsoft.com,music.microsoft.com,pymes.microsoft.com,store.microsoft.com,aether.microsoft.com,alerts.microsoft.com,design.microsoft.com,garage.microsoft.com,gigjam.microsoft.com,ignite.microsoft.com,msctec.microsoft.com,online.microsoft.com,stream.microsoft.com,afflink.microsoft.com,connect.microsoft.com,develop.microsoft.com,domains.microsoft.com,example.microsoft.com,madeira.microsoft.com,msdnisv.microsoft.com,mspress.microsoft.com,quantum.microsoft.com,sponsor.microsoft.com,www.aep.microsoft.com,www.aer.microsoft.com,wwwbeta.microsoft.com,business.microsoft.com,empresas.microsoft.com,learning.microsoft.com,msdnwiki.microsoft.com,openness.microsoft.com,pinpoint.microsoft.com,snackbox.microsoft.com,sponsors.microsoft.com,stationq.microsoft.com,aistories.microsoft.com,community.microsoft.com,crawlmsdn.microsoft.com,iotschool.microsoft.com,messenger.microsoft.com,minecraft.microsoft.com,backoffice.microsoft.com,enterprise.microsoft.com,iotcentral.microsoft.com,pinunblock.microsoft.com,reroute443.microsoft.com,communities.microsoft.com,explore-smb.microsoft.com,expressions.microsoft.com,ondernemers.microsoft.com,techacademy.microsoft.com,terraserver.microsoft.com,communities2.microsoft.com,connectevent.microsoft.com,dataplatform.microsoft.com,entrepreneur.microsoft.com,hxd.research.microsoft.com,mspartnerira.microsoft.com,mydatahealth.microsoft.com,oemcommunity.microsoft.com,real-stories.microsoft.com,www.formspro.microsoft.com,futuredecoded.microsoft.com,upgradecenter.microsoft.com,learnanalytics.microsoft.com,onlinelearning.microsoft.com,businesscentral.microsoft.com,cloud-immersion.microsoft.com,studentpartners.microsoft.com,analyticspartner.microsoft.com,businessplatform.microsoft.com,explore-security.microsoft.com,kleinunternehmen.microsoft.com,partnercommunity.microsoft.com,explore-marketing.microsoft.com,innovationcontest.microsoft.com,partnerincentives.microsoft.com,phoenixcataloguat.microsoft.com,szkolyprzyszlosci.microsoft.com,www.powerautomate.microsoft.com,successionplanning.microsoft.com,lumiaconversationsuk.microsoft.com,successionplanninguat.microsoft.com,businessmobilitycenter.microsoft.com,skypeandteams.fasttrack.microsoft.com,www.microsoftdlapartnerow.microsoft.com,commercialappcertification.microsoft.com,www.skypeandteams.fasttrack.microsoft.com","null","null","null"
"2021-09-10 23:17:33 Z","FNNO0V1F42IVHF1...","3","120014F1EC2395D56FDCC4DCB700000014F1EC","CN=Microsoft RSA TLS CA 01,O=Microsoft Corporation,C=US","1627507326.00","1659043326.00","rsaEncryption","sha256WithRSAEncryption","rsa","2048","65537","null","...aticview.microsoft.com,www.microsoft.com,wwwqa.microsoft.comprivacy.microsoft.com,c.s-microsoft.com,microsoft.com,i.s-microsoft.com,staticview.microsoft.com,www.microsoft.com,wwwqa.microsoft.com","null","null","null"
"2021-09-10 23:17:37 Z","FBDUX3497HNM0BH...","3","0FA40F28DC0D219A4D9DB7B06B084814EF93C8F0","CN=londonareloeli.uk,OU=UK System,O=LL EST,L=London,ST=London,C=UK","1631088201.00","1662624201.00","rsaEncryption","sha256WithRSAEncryption","rsa","2048","65537","null","null","null","null","null"
"2021-09-10 23:17:57 Z","FSH8CIICCBMV4CV...","3","7F0017FAE9D19C97DA527BE78B00000017FAE9","CN=Microsoft RSA TLS CA 02,O=Microsoft Corporation,C=US","1630912283.00","1662448283.00","rsaEncryption","sha256WithRSAEncryption","rsa","2048","65537","null","...om,*.storeedgefd.dsx.mp.microsoft.com,*.dsx.mp.microsoft.comsfdataservice.microsoft.com,StoreedgefdSecureorigin.dsx.mp.microsoft.com,storeedgefd.dsx.mp.microsoft.com,storeedgefd-ppe.dsx.mp.microsoft.com,storeedgefd-ppe-origin.dsx.mp.microsoft.com,storeedgefd-origin.dsx.mp.microsoft.com,sfdataservice-staging.microsoft.com,sfdataservice-legacy.microsoft.com,sfdataservice-legacy-staging.microsoft.com,pti.store.microsoft.com,pti-int.store.microsoft.com,livetileedge.dsx.mp.microsoft.com,*.storeedgefd.dsx.mp.microsoft.com,*.dsx.mp.microsoft.com","null","null","null"
"2021-09-10 23:17:57 Z","FJO6144IJN3V4KR...","3","7F0017FAE9D19C97DA527BE78B00000017FAE9","CN=Microsoft RSA TLS CA 02,O=Microsoft Corporation,C=US","1630912283.00","1662448283.00","rsaEncryption","sha256WithRSAEncryption","rsa","2048","65537","null","...om,*.storeedgefd.dsx.mp.microsoft.com,*.dsx.mp.microsoft.comsfdataservice.microsoft.com,StoreedgefdSecureorigin.dsx.mp.microsoft.com,storeedgefd.dsx.mp.microsoft.com,storeedgefd-ppe.dsx.mp.microsoft.com,storeedgefd-ppe-origin.dsx.mp.microsoft.com,storeedgefd-origin.dsx.mp.microsoft.com,sfdataservice-staging.microsoft.com,sfdataservice-legacy.microsoft.com,sfdataservice-legacy-staging.microsoft.com,pti.store.microsoft.com,pti-int.store.microsoft.com,livetileedge.dsx.mp.microsoft.com,*.storeedgefd.dsx.mp.microsoft.com,*.dsx.mp.microsoft.com","null","null","null"
"2021-09-10 23:17:57 Z","FC0X2Z2CUTOGO9T...","3","7F0017FAE9D19C97DA527BE78B00000017FAE9","CN=Microsoft RSA TLS CA 02,O=Microsoft Corporation,C=US","1630912283.00","1662448283.00","rsaEncryption","sha256WithRSAEncryption","rsa","2048","65537","null","...om,*.storeedgefd.dsx.mp.microsoft.com,*.dsx.mp.microsoft.comsfdataservice.microsoft.com,StoreedgefdSecureorigin.dsx.mp.microsoft.com,storeedgefd.dsx.mp.microsoft.com,storeedgefd-ppe.dsx.mp.microsoft.com,storeedgefd-ppe-origin.dsx.mp.microsoft.com,storeedgefd-origin.dsx.mp.microsoft.com,sfdataservice-staging.microsoft.com,sfdataservice-legacy.microsoft.com,sfdataservice-legacy-staging.microsoft.com,pti.store.microsoft.com,pti-int.store.microsoft.com,livetileedge.dsx.mp.microsoft.com,*.storeedgefd.dsx.mp.microsoft.com,*.dsx.mp.microsoft.com","null","null","null"
"2021-09-10 23:17:57 Z","FMDM021EQEKJFA0...","3","7F0017FAE9D19C97DA527BE78B00000017FAE9","CN=Microsoft RSA TLS CA 02,O=Microsoft Corporation,C=US","1630912283.00","1662448283.00","rsaEncryption","sha256WithRSAEncryption","rsa","2048","65537","null","...om,*.storeedgefd.dsx.mp.microsoft.com,*.dsx.mp.microsoft.comsfdataservice.microsoft.com,StoreedgefdSecureorigin.dsx.mp.microsoft.com,storeedgefd.dsx.mp.microsoft.com,storeedgefd-ppe.dsx.mp.microsoft.com,storeedgefd-ppe-origin.dsx.mp.microsoft.com,storeedgefd-origin.dsx.mp.microsoft.com,sfdataservice-staging.microsoft.com,sfdataservice-legacy.microsoft.com,sfdataservice-legacy-staging.microsoft.com,pti.store.microsoft.com,pti-int.store.microsoft.com,livetileedge.dsx.mp.microsoft.com,*.storeedgefd.dsx.mp.microsoft.com,*.dsx.mp.microsoft.com","null","null","null"
"2021-09-10 23:17:57 Z","FDDOWE42OHBLYYV...","3","7F0017FAE9D19C97DA527BE78B00000017FAE9","CN=Microsoft RSA TLS CA 02,O=Microsoft Corporation,C=US","1630912283.00","1662448283.00","rsaEncryption","sha256WithRSAEncryption","rsa","2048","65537","null","...om,*.storeedgefd.dsx.mp.microsoft.com,*.dsx.mp.microsoft.comsfdataservice.microsoft.com,StoreedgefdSecureorigin.dsx.mp.microsoft.com,storeedgefd.dsx.mp.microsoft.com,storeedgefd-ppe.dsx.mp.microsoft.com,storeedgefd-ppe-origin.dsx.mp.microsoft.com,storeedgefd-origin.dsx.mp.microsoft.com,sfdataservice-staging.microsoft.com,sfdataservice-legacy.microsoft.com,sfdataservice-legacy-staging.microsoft.com,pti.store.microsoft.com,pti-int.store.microsoft.com,livetileedge.dsx.mp.microsoft.com,*.storeedgefd.dsx.mp.microsoft.com,*.dsx.mp.microsoft.com","null","null","null"
"2021-09-10 23:17:57 Z","FMV7YD4P7WSAPM1...","3","7F0017FAE9D19C97DA527BE78B00000017FAE9","CN=Microsoft RSA TLS CA 02,O=Microsoft Corporation,C=US","1630912283.00","1662448283.00","rsaEncryption","sha256WithRSAEncryption","rsa","2048","65537","null","...om,*.storeedgefd.dsx.mp.microsoft.com,*.dsx.mp.microsoft.comsfdataservice.microsoft.com,StoreedgefdSecureorigin.dsx.mp.microsoft.com,storeedgefd.dsx.mp.microsoft.com,storeedgefd-ppe.dsx.mp.microsoft.com,storeedgefd-ppe-origin.dsx.mp.microsoft.com,storeedgefd-origin.dsx.mp.microsoft.com,sfdataservice-staging.microsoft.com,sfdataservice-legacy.microsoft.com,sfdataservice-legacy-staging.microsoft.com,pti.store.microsoft.com,pti-int.store.microsoft.com,livetileedge.dsx.mp.microsoft.com,*.storeedgefd.dsx.mp.microsoft.com,*.dsx.mp.microsoft.com","null","null","null"
"2021-09-10 23:17:57 Z","FIVCZH4OS2BLBO4...","3","7F0017FAE9D19C97DA527BE78B00000017FAE9","CN=Microsoft RSA TLS CA 02,O=Microsoft Corporation,C=US","1630912283.00","1662448283.00","rsaEncryption","sha256WithRSAEncryption","rsa","2048","65537","null","...om,*.storeedgefd.dsx.mp.microsoft.com,*.dsx.mp.microsoft.comsfdataservice.microsoft.com,StoreedgefdSecureorigin.dsx.mp.microsoft.com,storeedgefd.dsx.mp.microsoft.com,storeedgefd-ppe.dsx.mp.microsoft.com,storeedgefd-ppe-origin.dsx.mp.microsoft.com,storeedgefd-origin.dsx.mp.microsoft.com,sfdataservice-staging.microsoft.com,sfdataservice-legacy.microsoft.com,sfdataservice-legacy-staging.microsoft.com,pti.store.microsoft.com,pti-int.store.microsoft.com,livetileedge.dsx.mp.microsoft.com,*.storeedgefd.dsx.mp.microsoft.com,*.dsx.mp.microsoft.com","null","null","null"
"2021-09-10 23:17:57 Z","FTEQFB36OWVL7R8...","3","7F0017FAE9D19C97DA527BE78B00000017FAE9","CN=Microsoft RSA TLS CA 02,O=Microsoft Corporation,C=US","1630912283.00","1662448283.00","rsaEncryption","sha256WithRSAEncryption","rsa","2048","65537","null","...om,*.storeedgefd.dsx.mp.microsoft.com,*.dsx.mp.microsoft.comsfdataservice.microsoft.com,StoreedgefdSecureorigin.dsx.mp.microsoft.com,storeedgefd.dsx.mp.microsoft.com,storeedgefd-ppe.dsx.mp.microsoft.com,storeedgefd-ppe-origin.dsx.mp.microsoft.com,storeedgefd-origin.dsx.mp.microsoft.com,sfdataservice-staging.microsoft.com,sfdataservice-legacy.microsoft.com,sfdataservice-legacy-staging.microsoft.com,pti.store.microsoft.com,pti-int.store.microsoft.com,livetileedge.dsx.mp.microsoft.com,*.storeedgefd.dsx.mp.microsoft.com,*.dsx.mp.microsoft.com","null","null","null"
"2021-09-10 23:17:58 Z","F2LYOC2VWXCO9HV...","3","0F08181201DBEE5C7A5DEB6540EE5FA5","CN=DigiCert SHA2 Secure Server CA,O=DigiCert Inc,C=US","1620604800.00","1652918399.00","id-ecPublicKey","sha256WithRSAEncryption","ecdsa","256","null","prime256v1","*.intel.com,intel.com","null","null","null"
"2021-09-10 23:19:21 Z","FVPDBDIFDPFDNXF...","3","404B76CD9668EA6D09000000009696D0","CN=GTS CA 1D4,O=Google Trust Services LLC,C=US","1629741868.00","1637517867.00","rsaEncryption","sha256WithRSAEncryption","rsa","2048","65537","null","ipecho.net,www.ipecho.net,myexternalip.com,www.myexternalip.com","null","null","null"
"2021-09-10 23:19:29 Z","FCXNUO12O8RGODR...","3","6B0000567521F4B7C1DE1C28F6000000005675","CN=Microsoft RSA TLS CA 01,O=Microsoft Corporation,C=US","1601674101.00","1633210101.00","rsaEncryption","sha256WithRSAEncryption","rsa","2048","65537","null","....com,nexus2.officeapps.live.com,*.nexus2.officeapps.live.comnexus.officeapps.live.com,*.nexus.edog.officeapps.live.com,nexus.edog.officeapps.live.com,*.nexus.officeapps.live.com,nexus2.officeapps.live.com,*.nexus2.officeapps.live.com","null","null","null"
"2021-09-10 23:19:31 Z","FOKRML3FV2TQYJE...","3","7F000064CF7380B0A5DD93A7890000000064CF","CN=Microsoft RSA TLS CA 02,O=Microsoft Corporation,C=US","1602024535.00","1633560535.00","rsaEncryption","sha256WithRSAEncryption","rsa","2048","65537","null","...og.officeapps.live.com,*.nexusrules.edog.officeapps.live.comnexusrules.officeapps.live.com,*.nexusrules.officeapps.live.com,nexusrules.edog.officeapps.live.com,*.nexusrules.edog.officeapps.live.com","null","null","null"
"2021-09-10 23:24:33 Z","F1TOIY1DPD0R7O9...","3","330000002D830DAA2AC2744DC900000000002D","CN=Microsoft ECC Update Secure Server CA 2.1,O=Microsoft Corporation,L=Redmond,ST=Washington,C=US","1607024523.00","1638560523.00","id-ecPublicKey","ecdsa-with-SHA384","ecdsa","256","null","prime256v1","slscr.update.microsoft.com,*.slscr.update.microsoft.com,*.backend.slscr.update.microsoft.com","null","null","null"
"2021-09-10 23:24:34 Z","FS7ULN4QP00JBPS...","3","3300000025B98866D0375C958C000000000025","CN=Microsoft ECC Update Secure Server CA 2.1,O=Microsoft Corporation,L=Redmond,ST=Washington,C=US","1604607190.00","1636143190.00","id-ecPublicKey","ecdsa-with-SHA384","ecdsa","256","null","prime256v1","fe2cr.update.microsoft.com ","null","null","null"
"2021-09-10 23:24:36 Z","F8W1F53Z80RA8VU...","3","0A162A4FCCACC091FBD07A620925B187","CN=DigiCert SHA2 Secure Server CA,O=DigiCert Inc,C=US","1629158400.00","1660780799.00","rsaEncryption","sha256WithRSAEncryption","rsa","2048","65537","null","...login.live-int.com,xml.login.live-int.com,xml.login.live.com*.aadkds.ppe.reporting.msidentity.com,*.aadkds.prd.reporting.msidentity.com,*.accesscontrol.aadtst3.windows-int.net,*.accesscontrol.windows-ppe.net,*.accesscontrol.windows.net,*.adls.aadkds.ppe.reporting.msidentity.com,*.adls.aadkds.prd.reporting.msidentity.com,*.adti.aadkds.ppe.reporting.msidentity.com,*.adti.aadkds.prd.reporting.msidentity.com,*.authapp.net,*.authorization.azure-ppe.net,*.authorization.azure.net,*.b2clogin.com,*.cpim.windows.net,*.d2k.aadkds.ppe.reporting.msidentity.com,*.d2k.aadkds.prd.reporting.msidentity.com,*.fp.measure.office.com,*.Identity.azure-int.net,*.Identity.azure.net,*.login.live.com,*.login.microsoft.com,*.login.microsoftonline.com,*.login.windows-ppe.net,*.logincert.microsoft.com,*.logincert.windows-ppe.net,*.microsoftaik-int.azure-int.net,*.microsoftaik.azure.net,*.r.login.microsoft.com,*.r.login.microsoftonline.com,*.windows-ppe.net,aadg.windows.net,aadgv6.ppe.windows.net,aadgv6.windows.net,accesscontrol.aadtst3.windows-int.net,account.live-int.com,account.live.com,api.login.live-int.com,api.login.microsoftonline.com,api.password.ccsctp.com,api.passwordreset.microsoftonline.com,autologon.microsoftazuread-sso.com,becws.ccsctp.com,clientconfig.microsoftonline-p-int.net,clientconfig.microsoftonline-p.net,companymanager.ccsctp.com,companymanager.microsoftonline.com,cpim.windows.net,device.login.microsoftonline.com,device.login.windows-ppe.net,directoryproxy.ppe.windows.net,directoryproxy.windows.net,gatewayforking.windows.net,graph.ppe.windows.net,graph.windows.net,graphstore.windows.net,ipv6.login.live-int.com,login-us.microsoftonline.com,login.live-int.com,login.live.com,login.microsoft-ppe.com,login.microsoft.com,login.microsoftonline-int.com,login.microsoftonline-p.com,login.microsoftonline-pst.com,login.microsoftonline.com,login.passport-int.com,login.windows.net,logincert.microsoftonline-int.com,logincert.microsoftonline.com,loginnet.passport-int.com,microsoftaik-int.azure-int.net,microsoftaik.azure.net,msnia.login.live-int.com,msnialogin.passport-int.com,nexus.microsoftonline-p-int.com,nexus.microsoftonline-p.com,nexus.passport-int.com,pas.windows-ppe.net,pas.windows.net,password.ccsctp.com,passwordreset.activedirectory.windowsazure.us,passwordreset.microsoftonline.com,provisioning.microsoftonline.com,signup.live-int.com,signup.live.com,sts.windows.net,tools.login.live-int.com,xml.login.live-int.com,xml.login.live.com","null","null","null"
"2021-09-10 23:24:37 Z","FTTS2G1E3JKISXV...","3","33000001B75CC4A5C5D4206BCA0000000001B7","CN=Microsoft Secure Server CA 2011,O=Microsoft Corporation,L=Redmond,ST=Washington,C=US","1623352053.00","1662836853.00","rsaEncryption","sha256WithRSAEncryption","rsa","2048","65537","null","...son.microsoft.us,oca.telemetry.microsoft.us,oca.microsoft.us*.events.data.microsoft.com,events.data.microsoft.com,*.vortex-win.data.microsoft.com,vortex-win.data.microsoft.com,*.vortex.data.microsoft.com,vortex.data.microsoft.com,umwatsonc.telemetry.microsoft.com,kmwatsonc.telemetry.microsoft.com,watson.telemetry.microsoft.com,watson.microsoft.com,oca.telemetry.microsoft.com,oca.microsoft.com,*.events.data.microsoft.us,events.data.microsoft.us,*.vortex-win.data.microsoft.us,vortex-win.data.microsoft.us,*.vortex.data.microsoft.us,vortex.data.microsoft.us,umwatsonc.telemetry.microsoft.us,kmwatsonc.telemetry.microsoft.us,watson.telemetry.microsoft.us,watson.microsoft.us,oca.telemetry.microsoft.us,oca.microsoft.us","null","null","null"
"2021-09-10 23:24:44 Z","FX3MHA5A4JZGVHD...","3","330000002CD5718B1ADBF0EE7C00000000002C","CN=Microsoft ECC Update Secure Server CA 2.1,O=Microsoft Corporation,L=Redmond,ST=Washington,C=US","1607024522.00","1638560522.00","id-ecPublicKey","ecdsa-with-SHA384","ecdsa","256","null","prime256v1","...y.mp.microsoft.com,*.backend.fe3cr.delivery.mp.microsoft.comfe3cr.delivery.mp.microsoft.com,*.fe3cr.delivery.mp.microsoft.com,*.backend.fe3cr.delivery.mp.microsoft.com","null","null","null"
"2021-09-10 23:24:45 Z","F9ZEQG3WMXPDLRW...","3","33000001B75CC4A5C5D4206BCA0000000001B7","CN=Microsoft Secure Server CA 2011,O=Microsoft Corporation,L=Redmond,ST=Washington,C=US","1623352053.00","1662836853.00","rsaEncryption","sha256WithRSAEncryption","rsa","2048","65537","null","...son.microsoft.us,oca.telemetry.microsoft.us,oca.microsoft.us*.events.data.microsoft.com,events.data.microsoft.com,*.vortex-win.data.microsoft.com,vortex-win.data.microsoft.com,*.vortex.data.microsoft.com,vortex.data.microsoft.com,umwatsonc.telemetry.microsoft.com,kmwatsonc.telemetry.microsoft.com,watson.telemetry.microsoft.com,watson.microsoft.com,oca.telemetry.microsoft.com,oca.microsoft.com,*.events.data.microsoft.us,events.data.microsoft.us,*.vortex-win.data.microsoft.us,vortex-win.data.microsoft.us,*.vortex.data.microsoft.us,vortex.data.microsoft.us,umwatsonc.telemetry.microsoft.us,kmwatsonc.telemetry.microsoft.us,watson.telemetry.microsoft.us,watson.microsoft.us,oca.telemetry.microsoft.us,oca.microsoft.us","null","null","null"
"2021-09-10 23:24:46 Z","FHB5SQKJLNVDNNK...","3","330000002D8CE35FA7F9BF40AA00000000002D","... CA 2.1,O=Microsoft Corporation,L=Redmond,ST=Washington,C=USCN=Microsoft ECC Content Distribution Secure Server CA 2.1,O=Microsoft Corporation,L=Redmond,ST=Washington,C=US","1607628264.00","1639164264.00","id-ecPublicKey","ecdsa-with-SHA384","ecdsa","256","null","prime256v1","*.prod.do.dsp.mp.microsoft.com","null","null","null"
"2021-09-10 23:24:47 Z","FGB53BTKPBN2UVK...","3","7F0014376CB67DA04A2E4F718E00000014376C","CN=Microsoft RSA TLS CA 02,O=Microsoft Corporation,C=US","1626821494.00","1658357494.00","rsaEncryption","sha256WithRSAEncryption","rsa","2048","65537","null","cp601-prod.do.dsp.mp.microsoft.com,*.prod.do.dsp.mp.microsoft.com","null","null","null"
"2021-09-10 23:24:47 Z","FJXHNK3VUXQKYKS...","3","33000001B75CC4A5C5D4206BCA0000000001B7","CN=Microsoft Secure Server CA 2011,O=Microsoft Corporation,L=Redmond,ST=Washington,C=US","1623352053.00","1662836853.00","rsaEncryption","sha256WithRSAEncryption","rsa","2048","65537","null","...son.microsoft.us,oca.telemetry.microsoft.us,oca.microsoft.us*.events.data.microsoft.com,events.data.microsoft.com,*.vortex-win.data.microsoft.com,vortex-win.data.microsoft.com,*.vortex.data.microsoft.com,vortex.data.microsoft.com,umwatsonc.telemetry.microsoft.com,kmwatsonc.telemetry.microsoft.com,watson.telemetry.microsoft.com,watson.microsoft.com,oca.telemetry.microsoft.com,oca.microsoft.com,*.events.data.microsoft.us,events.data.microsoft.us,*.vortex-win.data.microsoft.us,vortex-win.data.microsoft.us,*.vortex.data.microsoft.us,vortex.data.microsoft.us,umwatsonc.telemetry.microsoft.us,kmwatsonc.telemetry.microsoft.us,watson.telemetry.microsoft.us,watson.microsoft.us,oca.telemetry.microsoft.us,oca.microsoft.us","null","null","null"
"2021-09-10 23:24:48 Z","F8JLE21W1QHJZCS...","3","7F0014376CB67DA04A2E4F718E00000014376C","CN=Microsoft RSA TLS CA 02,O=Microsoft Corporation,C=US","1626821494.00","1658357494.00","rsaEncryption","sha256WithRSAEncryption","rsa","2048","65537","null","cp601-prod.do.dsp.mp.microsoft.com,*.prod.do.dsp.mp.microsoft.com","null","null","null"
"2021-09-10 23:24:50 Z","FF9M2V3KECE2VRF...","3","33000001B75CC4A5C5D4206BCA0000000001B7","CN=Microsoft Secure Server CA 2011,O=Microsoft Corporation,L=Redmond,ST=Washington,C=US","1623352053.00","1662836853.00","rsaEncryption","sha256WithRSAEncryption","rsa","2048","65537","null","...son.microsoft.us,oca.telemetry.microsoft.us,oca.microsoft.us*.events.data.microsoft.com,events.data.microsoft.com,*.vortex-win.data.microsoft.com,vortex-win.data.microsoft.com,*.vortex.data.microsoft.com,vortex.data.microsoft.com,umwatsonc.telemetry.microsoft.com,kmwatsonc.telemetry.microsoft.com,watson.telemetry.microsoft.com,watson.microsoft.com,oca.telemetry.microsoft.com,oca.microsoft.com,*.events.data.microsoft.us,events.data.microsoft.us,*.vortex-win.data.microsoft.us,vortex-win.data.microsoft.us,*.vortex.data.microsoft.us,vortex.data.microsoft.us,umwatsonc.telemetry.microsoft.us,kmwatsonc.telemetry.microsoft.us,watson.telemetry.microsoft.us,watson.microsoft.us,oca.telemetry.microsoft.us,oca.microsoft.us","null","null","null"
"2021-09-10 23:24:53 Z","F15AFU2NU70LZ6L...","3","33000001B75CC4A5C5D4206BCA0000000001B7","CN=Microsoft Secure Server CA 2011,O=Microsoft Corporation,L=Redmond,ST=Washington,C=US","1623352053.00","1662836853.00","rsaEncryption","sha256WithRSAEncryption","rsa","2048","65537","null","...son.microsoft.us,oca.telemetry.microsoft.us,oca.microsoft.us*.events.data.microsoft.com,events.data.microsoft.com,*.vortex-win.data.microsoft.com,vortex-win.data.microsoft.com,*.vortex.data.microsoft.com,vortex.data.microsoft.com,umwatsonc.telemetry.microsoft.com,kmwatsonc.telemetry.microsoft.com,watson.telemetry.microsoft.com,watson.microsoft.com,oca.telemetry.microsoft.com,oca.microsoft.com,*.events.data.microsoft.us,events.data.microsoft.us,*.vortex-win.data.microsoft.us,vortex-win.data.microsoft.us,*.vortex.data.microsoft.us,vortex.data.microsoft.us,umwatsonc.telemetry.microsoft.us,kmwatsonc.telemetry.microsoft.us,watson.telemetry.microsoft.us,watson.microsoft.us,oca.telemetry.microsoft.us,oca.microsoft.us","null","null","null"
"2021-09-10 23:24:54 Z","FEIWZXVT7LSXZWW...","3","0FA40F28DC0D219A4D9DB7B06B084814EF93C8F0","CN=londonareloeli.uk,OU=UK System,O=LL EST,L=London,ST=London,C=UK","1631088201.00","1662624201.00","rsaEncryption","sha256WithRSAEncryption","rsa","2048","65537","null","null","null","null","null"
"2021-09-10 23:25:04 Z","FW5IHL1LF3LBUYE...","3","33000001B75CC4A5C5D4206BCA0000000001B7","CN=Microsoft Secure Server CA 2011,O=Microsoft Corporation,L=Redmond,ST=Washington,C=US","1623352053.00","1662836853.00","rsaEncryption","sha256WithRSAEncryption","rsa","2048","65537","null","...son.microsoft.us,oca.telemetry.microsoft.us,oca.microsoft.us*.events.data.microsoft.com,events.data.microsoft.com,*.vortex-win.data.microsoft.com,vortex-win.data.microsoft.com,*.vortex.data.microsoft.com,vortex.data.microsoft.com,umwatsonc.telemetry.microsoft.com,kmwatsonc.telemetry.microsoft.com,watson.telemetry.microsoft.com,watson.microsoft.com,oca.telemetry.microsoft.com,oca.microsoft.com,*.events.data.microsoft.us,events.data.microsoft.us,*.vortex-win.data.microsoft.us,vortex-win.data.microsoft.us,*.vortex.data.microsoft.us,vortex.data.microsoft.us,umwatsonc.telemetry.microsoft.us,kmwatsonc.telemetry.microsoft.us,watson.telemetry.microsoft.us,watson.microsoft.us,oca.telemetry.microsoft.us,oca.microsoft.us","null","null","null"
"2021-09-10 23:25:26 Z","FWXEHKZKOF0IRM4...","3","33000001B6B2D2BD10A5F5DAA90000000001B6","CN=Microsoft Secure Server CA 2011,O=Microsoft Corporation,L=Redmond,ST=Washington,C=US","1623352050.00","1662836850.00","rsaEncryption","sha256WithRSAEncryption","rsa","2048","65537","null","settings-win.data.microsoft.com ","null","null","null"
"2021-09-10 23:25:28 Z","FEAZNJ49KX6CUCS...","3","33000001B6B2D2BD10A5F5DAA90000000001B6","CN=Microsoft Secure Server CA 2011,O=Microsoft Corporation,L=Redmond,ST=Washington,C=US","1623352050.00","1662836850.00","rsaEncryption","sha256WithRSAEncryption","rsa","2048","65537","null","settings-win.data.microsoft.com ","null","null","null"
"2021-09-10 23:25:30 Z","FUMCNG4QJ9MA95X...","3","33000001B6B2D2BD10A5F5DAA90000000001B6","CN=Microsoft Secure Server CA 2011,O=Microsoft Corporation,L=Redmond,ST=Washington,C=US","1623352050.00","1662836850.00","rsaEncryption","sha256WithRSAEncryption","rsa","2048","65537","null","settings-win.data.microsoft.com ","null","null","null"
"2021-09-10 23:25:30 Z","FG5T341TEKL3KXT...","3","33000001B6B2D2BD10A5F5DAA90000000001B6","CN=Microsoft Secure Server CA 2011,O=Microsoft Corporation,L=Redmond,ST=Washington,C=US","1623352050.00","1662836850.00","rsaEncryption","sha256WithRSAEncryption","rsa","2048","65537","null","settings-win.data.microsoft.com ","null","null","null"
"2021-09-10 23:26:22 Z","FXEOCJ3NBLG9BLV...","3","33000001B75CC4A5C5D4206BCA0000000001B7","CN=Microsoft Secure Server CA 2011,O=Microsoft Corporation,L=Redmond,ST=Washington,C=US","1623352053.00","1662836853.00","rsaEncryption","sha256WithRSAEncryption","rsa","2048","65537","null","...son.microsoft.us,oca.telemetry.microsoft.us,oca.microsoft.us*.events.data.microsoft.com,events.data.microsoft.com,*.vortex-win.data.microsoft.com,vortex-win.data.microsoft.com,*.vortex.data.microsoft.com,vortex.data.microsoft.com,umwatsonc.telemetry.microsoft.com,kmwatsonc.telemetry.microsoft.com,watson.telemetry.microsoft.com,watson.microsoft.com,oca.telemetry.microsoft.com,oca.microsoft.com,*.events.data.microsoft.us,events.data.microsoft.us,*.vortex-win.data.microsoft.us,vortex-win.data.microsoft.us,*.vortex.data.microsoft.us,vortex.data.microsoft.us,umwatsonc.telemetry.microsoft.us,kmwatsonc.telemetry.microsoft.us,watson.telemetry.microsoft.us,watson.microsoft.us,oca.telemetry.microsoft.us,oca.microsoft.us","null","null","null"
"2021-09-10 23:31:07 Z","FVTIZ222IW7LGYM...","3","0FA40F28DC0D219A4D9DB7B06B084814EF93C8F0","CN=londonareloeli.uk,OU=UK System,O=LL EST,L=London,ST=London,C=UK","1631088201.00","1662624201.00","rsaEncryption","sha256WithRSAEncryption","rsa","2048","65537","null","null","null","null","null"
"2021-09-10 23:35:27 Z","FKLQPC4SXBZBWGT...","3","7F0012E261129541195FAC1A6000000012E261","CN=Microsoft RSA TLS CA 02,O=Microsoft Corporation,C=US","1625536393.00","1641433993.00","rsaEncryption","sha256WithRSAEncryption","rsa","2048","65537","null","...bmasters.live.com,www.local.live.com.au,www.maps.live.com.auwww.bing.com,dict.bing.com.cn,*.platform.bing.com,*.bing.com,bing.com,ieonline.microsoft.com,*.windowssearch.com,cn.ieonline.microsoft.com,*.origin.bing.com,*.mm.bing.net,*.api.bing.com,ecn.dev.virtualearth.net,*.cn.bing.net,*.cn.bing.com,ssl-api.bing.com,ssl-api.bing.net,*.api.bing.net,*.bingapis.com,bingsandbox.com,feedback.microsoft.com,insertmedia.bing.office.net,r.bat.bing.com,*.r.bat.bing.com,*.dict.bing.com.cn,*.dict.bing.com,*.ssl.bing.com,*.appex.bing.com,*.platform.cn.bing.com,wp.m.bing.com,*.m.bing.com,global.bing.com,windowssearch.com,search.msn.com,*.bingsandbox.com,*.api.tiles.ditu.live.com,*.ditu.live.com,*.t0.tiles.ditu.live.com,*.t1.tiles.ditu.live.com,*.t2.tiles.ditu.live.com,*.t3.tiles.ditu.live.com,*.tiles.ditu.live.com,3d.live.com,api.search.live.com,beta.search.live.com,cnweb.search.live.com,dev.live.com,ditu.live.com,farecast.live.com,image.live.com,images.live.com,local.live.com.au,localsearch.live.com,ls4d.search.live.com,mail.live.com,mapindia.live.com,local.live.com,maps.live.com,maps.live.com.au,mindia.live.com,news.live.com,origin.cnweb.search.live.com,preview.local.live.com,search.live.com,test.maps.live.com,video.live.com,videos.live.com,virtualearth.live.com,wap.live.com,webmaster.live.com,webmasters.live.com,www.local.live.com.au,www.maps.live.com.au","null","null","null"
"2021-09-10 23:36:54 Z","FB1VWH2TBRK3AL5...","3","0FA40F28DC0D219A4D9DB7B06B084814EF93C8F0","CN=londonareloeli.uk,OU=UK System,O=LL EST,L=London,ST=London,C=UK","1631088201.00","1662624201.00","rsaEncryption","sha256WithRSAEncryption","rsa","2048","65537","null","null","null","null","null"
"2021-09-10 23:42:04 Z","FRJDED2B8UNMVQM...","3","0FA40F28DC0D219A4D9DB7B06B084814EF93C8F0","CN=londonareloeli.uk,OU=UK System,O=LL EST,L=London,ST=London,C=UK","1631088201.00","1662624201.00","rsaEncryption","sha256WithRSAEncryption","rsa","2048","65537","null","null","null","null","null"
"2021-09-10 23:50:32 Z","FGDWEA3GO9NFQQO...","3","0FA40F28DC0D219A4D9DB7B06B084814EF93C8F0","CN=londonareloeli.uk,OU=UK System,O=LL EST,L=London,ST=London,C=UK","1631088201.00","1662624201.00","rsaEncryption","sha256WithRSAEncryption","rsa","2048","65537","null","null","null","null","null"
"2021-09-10 23:51:11 Z","FEY4OX1OEKSGYCW...","3","3300184C7D581C335AF28928E2000000184C7D","CN=Microsoft Azure TLS Issuing CA 05,O=Microsoft Corporation,C=US","1628402382.00","1659506382.00","rsaEncryption","sha384WithRSAEncryption","rsa","2048","65537","null","...s.com,*.perf.msedge.net,*.fp.measure.office.com,*.msedge.net*.a-msedge.net,a-msedge.net,b-msedge.net,*.b-msedge.net,c-msedge.net,*.c-msedge.net,dc-msedge.net,*.dc-msedge.net,*.lbas.msedge.net,*.test.msedge.net,*.azp.footprintdns.com,*.footprintdns.com,*.clo.footprintdns.com,*.any.footprintdns.com,*.nrb.footprintdns.com,*.perf.msedge.net,*.fp.measure.office.com,*.msedge.net","null","null","null"
"2021-09-10 23:52:32 Z","FSZCJPPPFNCPRKK...","3","33000001B75CC4A5C5D4206BCA0000000001B7","CN=Microsoft Secure Server CA 2011,O=Microsoft Corporation,L=Redmond,ST=Washington,C=US","1623352053.00","1662836853.00","rsaEncryption","sha256WithRSAEncryption","rsa","2048","65537","null","...son.microsoft.us,oca.telemetry.microsoft.us,oca.microsoft.us*.events.data.microsoft.com,events.data.microsoft.com,*.vortex-win.data.microsoft.com,vortex-win.data.microsoft.com,*.vortex.data.microsoft.com,vortex.data.microsoft.com,umwatsonc.telemetry.microsoft.com,kmwatsonc.telemetry.microsoft.com,watson.telemetry.microsoft.com,watson.microsoft.com,oca.telemetry.microsoft.com,oca.microsoft.com,*.events.data.microsoft.us,events.data.microsoft.us,*.vortex-win.data.microsoft.us,vortex-win.data.microsoft.us,*.vortex.data.microsoft.us,vortex.data.microsoft.us,umwatsonc.telemetry.microsoft.us,kmwatsonc.telemetry.microsoft.us,watson.telemetry.microsoft.us,watson.microsoft.us,oca.telemetry.microsoft.us,oca.microsoft.us","null","null","null"
"2021-09-10 23:56:34 Z","FYBLLG4AV6VIYMC...","3","0FA40F28DC0D219A4D9DB7B06B084814EF93C8F0","CN=londonareloeli.uk,OU=UK System,O=LL EST,L=London,ST=London,C=UK","1631088201.00","1662624201.00","rsaEncryption","sha256WithRSAEncryption","rsa","2048","65537","null","null","null","null","null"
"2021-09-11 00:02:00 Z","F4M7Y29PMFKKIKJ...","3","6B0000567521F4B7C1DE1C28F6000000005675","CN=Microsoft RSA TLS CA 01,O=Microsoft Corporation,C=US","1601674101.00","1633210101.00","rsaEncryption","sha256WithRSAEncryption","rsa","2048","65537","null","....com,nexus2.officeapps.live.com,*.nexus2.officeapps.live.comnexus.officeapps.live.com,*.nexus.edog.officeapps.live.com,nexus.edog.officeapps.live.com,*.nexus.officeapps.live.com,nexus2.officeapps.live.com,*.nexus2.officeapps.live.com","null","null","null"
"2021-09-11 00:03:07 Z","FADXQ42VROS80SG...","3","0FA40F28DC0D219A4D9DB7B06B084814EF93C8F0","CN=londonareloeli.uk,OU=UK System,O=LL EST,L=London,ST=London,C=UK","1631088201.00","1662624201.00","rsaEncryption","sha256WithRSAEncryption","rsa","2048","65537","null","null","null","null","null"
"2021-09-11 00:09:06 Z","FANAWGUBDTTOU8A...","3","256D2BCF3F6068E40300000000CCA466","CN=GTS CA 1O1,O=Google Trust Services,C=US","1629688796.00","1636946395.00","id-ecPublicKey","sha256WithRSAEncryption","ecdsa","256","null","prime256v1","....goog,bg-call-donation-canary.goog,bg-call-donation-dev.googupload.video.google.com,*.clients.google.com,*.docs.google.com,*.drive.google.com,*.gdata.youtube.com,*.googleapis.com,*.photos.google.com,*.youtube-3rd-party.com,upload.google.com,*.upload.google.com,upload.youtube.com,*.upload.youtube.com,uploads.stage.gdata.youtube.com,bg-call-donation.goog,bg-call-donation-alpha.goog,bg-call-donation-canary.goog,bg-call-donation-dev.goog","null","null","null"
"2021-09-11 00:09:30 Z","FXM5P92JOUX4BJ4...","3","33000001B6B2D2BD10A5F5DAA90000000001B6","CN=Microsoft Secure Server CA 2011,O=Microsoft Corporation,L=Redmond,ST=Washington,C=US","1623352050.00","1662836850.00","rsaEncryption","sha256WithRSAEncryption","rsa","2048","65537","null","settings-win.data.microsoft.com ","null","null","null"
"2021-09-11 00:09:34 Z","F7A32X3PKDF76AR...","3","0A162A4FCCACC091FBD07A620925B187","CN=DigiCert SHA2 Secure Server CA,O=DigiCert Inc,C=US","1629158400.00","1660780799.00","rsaEncryption","sha256WithRSAEncryption","rsa","2048","65537","null","...login.live-int.com,xml.login.live-int.com,xml.login.live.com*.aadkds.ppe.reporting.msidentity.com,*.aadkds.prd.reporting.msidentity.com,*.accesscontrol.aadtst3.windows-int.net,*.accesscontrol.windows-ppe.net,*.accesscontrol.windows.net,*.adls.aadkds.ppe.reporting.msidentity.com,*.adls.aadkds.prd.reporting.msidentity.com,*.adti.aadkds.ppe.reporting.msidentity.com,*.adti.aadkds.prd.reporting.msidentity.com,*.authapp.net,*.authorization.azure-ppe.net,*.authorization.azure.net,*.b2clogin.com,*.cpim.windows.net,*.d2k.aadkds.ppe.reporting.msidentity.com,*.d2k.aadkds.prd.reporting.msidentity.com,*.fp.measure.office.com,*.Identity.azure-int.net,*.Identity.azure.net,*.login.live.com,*.login.microsoft.com,*.login.microsoftonline.com,*.login.windows-ppe.net,*.logincert.microsoft.com,*.logincert.windows-ppe.net,*.microsoftaik-int.azure-int.net,*.microsoftaik.azure.net,*.r.login.microsoft.com,*.r.login.microsoftonline.com,*.windows-ppe.net,aadg.windows.net,aadgv6.ppe.windows.net,aadgv6.windows.net,accesscontrol.aadtst3.windows-int.net,account.live-int.com,account.live.com,api.login.live-int.com,api.login.microsoftonline.com,api.password.ccsctp.com,api.passwordreset.microsoftonline.com,autologon.microsoftazuread-sso.com,becws.ccsctp.com,clientconfig.microsoftonline-p-int.net,clientconfig.microsoftonline-p.net,companymanager.ccsctp.com,companymanager.microsoftonline.com,cpim.windows.net,device.login.microsoftonline.com,device.login.windows-ppe.net,directoryproxy.ppe.windows.net,directoryproxy.windows.net,gatewayforking.windows.net,graph.ppe.windows.net,graph.windows.net,graphstore.windows.net,ipv6.login.live-int.com,login-us.microsoftonline.com,login.live-int.com,login.live.com,login.microsoft-ppe.com,login.microsoft.com,login.microsoftonline-int.com,login.microsoftonline-p.com,login.microsoftonline-pst.com,login.microsoftonline.com,login.passport-int.com,login.windows.net,logincert.microsoftonline-int.com,logincert.microsoftonline.com,loginnet.passport-int.com,microsoftaik-int.azure-int.net,microsoftaik.azure.net,msnia.login.live-int.com,msnialogin.passport-int.com,nexus.microsoftonline-p-int.com,nexus.microsoftonline-p.com,nexus.passport-int.com,pas.windows-ppe.net,pas.windows.net,password.ccsctp.com,passwordreset.activedirectory.windowsazure.us,passwordreset.microsoftonline.com,provisioning.microsoftonline.com,signup.live-int.com,signup.live.com,sts.windows.net,tools.login.live-int.com,xml.login.live-int.com,xml.login.live.com","null","null","null"
"2021-09-11 00:13:57 Z","FRUM2T2LUKVUD40...","3","0FA40F28DC0D219A4D9DB7B06B084814EF93C8F0","CN=londonareloeli.uk,OU=UK System,O=LL EST,L=London,ST=London,C=UK","1631088201.00","1662624201.00","rsaEncryption","sha256WithRSAEncryption","rsa","2048","65537","null","null","null","null","null"
"2021-09-11 00:19:48 Z","FGLLEH3CGZNCBG6...","3","0FA40F28DC0D219A4D9DB7B06B084814EF93C8F0","CN=londonareloeli.uk,OU=UK System,O=LL EST,L=London,ST=London,C=UK","1631088201.00","1662624201.00","rsaEncryption","sha256WithRSAEncryption","rsa","2048","65537","null","null","null","null","null"
"2021-09-11 00:22:07 Z","FV3CLM4C27AZ2I6...","3","33000001B75CC4A5C5D4206BCA0000000001B7","CN=Microsoft Secure Server CA 2011,O=Microsoft Corporation,L=Redmond,ST=Washington,C=US","1623352053.00","1662836853.00","rsaEncryption","sha256WithRSAEncryption","rsa","2048","65537","null","...son.microsoft.us,oca.telemetry.microsoft.us,oca.microsoft.us*.events.data.microsoft.com,events.data.microsoft.com,*.vortex-win.data.microsoft.com,vortex-win.data.microsoft.com,*.vortex.data.microsoft.com,vortex.data.microsoft.com,umwatsonc.telemetry.microsoft.com,kmwatsonc.telemetry.microsoft.com,watson.telemetry.microsoft.com,watson.microsoft.com,oca.telemetry.microsoft.com,oca.microsoft.com,*.events.data.microsoft.us,events.data.microsoft.us,*.vortex-win.data.microsoft.us,vortex-win.data.microsoft.us,*.vortex.data.microsoft.us,vortex.data.microsoft.us,umwatsonc.telemetry.microsoft.us,kmwatsonc.telemetry.microsoft.us,watson.telemetry.microsoft.us,watson.microsoft.us,oca.telemetry.microsoft.us,oca.microsoft.us","null","null","null"
"2021-09-11 00:27:15 Z","FMV5DI1SBBSSIYU...","3","0FA40F28DC0D219A4D9DB7B06B084814EF93C8F0","CN=londonareloeli.uk,OU=UK System,O=LL EST,L=London,ST=London,C=UK","1631088201.00","1662624201.00","rsaEncryption","sha256WithRSAEncryption","rsa","2048","65537","null","null","null","null","null"
"2021-09-11 00:31:56 Z","FGBOHG1IFNUWT61...","3","6B0000567521F4B7C1DE1C28F6000000005675","CN=Microsoft RSA TLS CA 01,O=Microsoft Corporation,C=US","1601674101.00","1633210101.00","rsaEncryption","sha256WithRSAEncryption","rsa","2048","65537","null","....com,nexus2.officeapps.live.com,*.nexus2.officeapps.live.comnexus.officeapps.live.com,*.nexus.edog.officeapps.live.com,nexus.edog.officeapps.live.com,*.nexus.officeapps.live.com,nexus2.officeapps.live.com,*.nexus2.officeapps.live.com","null","null","null"