"Timestamp","Connection Id","Sender IP","Sender Port","Target IP","Target Port","Name","Additional Information","Alert?"
"2021-09-10 23:15:09 Z","null","null","null","null","null","unknown_protocol_2","null","F"
"2021-09-10 23:15:09 Z","CdPuiN3ijOwH8cGny1","10.9.10.102","64814","10.9.10.9","53","DNS_RR_length_mismatch","null","F"
"2021-09-10 23:15:09 Z","CdPuiN3ijOwH8cGny1","10.9.10.102","64814","10.9.10.9","53","DNS_truncated_RR_rdlength_lt_len","null","F"
"2021-09-10 23:15:20 Z","null","null","null","null","null","dns_unmatched_msg","null","F"
"2021-09-10 23:17:14 Z","null","null","null","null","null","dns_unmatched_msg","null","F"
"2021-09-10 23:19:22 Z","CdJ7sv4ciFhCQR92H3","10.9.10.102","137","10.9.10.9","137","dns_unmatched_reply","null","F"
"2021-09-10 23:19:22 Z","Cw8FhB3v2t9Dcnvlse","10.9.10.103","137","10.9.10.102","137","dns_unmatched_reply","null","F"
"2021-09-10 23:19:33 Z","null","null","null","null","null","dns_unmatched_msg","null","F"
"2021-09-11 00:03:06 Z","null","null","null","null","null","dns_unmatched_msg","null","F"